model_A,model_B,mean_A,mean_B,std_A,std_B,t_stat,p_val
rb-plain,t5b-plain,0.914,0.897,0.28,0.304,11.869,1.0202688091011781e-32
rb-plain,rl-plain,0.914,0.926,0.28,0.262,-9.006,1.0
rb-plain,rb-lora-1.18M,0.914,0.871,0.28,0.335,25.368,9.265625568719195e-141
rb-plain,rb-adapter-895K,0.914,0.883,0.28,0.321,20.691,9.883324508339898e-95
