{
    "adversarial_squad": {
        "optl-plain-1": 81.71002345896954,
        "optb-lora-3": 62.17141515535999,
        "bertlc-lora-2": 42.24397985501918,
        "t5l-adapter-2": 82.3624438601096,
        "optb-adapter-1": 65.70437392347986,
        "t5b-adapter-3": 74.99042985968423,
        "rl-plain-3": 83.64804282358125,
        "rb-lora-1": 49.91427226506458,
        "rl-lora-3": 68.32683475649615,
        "t5l-plain-1": 84.49688800625361,
        "bertbc-plain-2": 61.112670993830164,
        "t5b-lora-1": 70.86304065388909,
        "rb-adapter-3": 63.92888841105902,
        "bertbc-adapter-3": 46.22188717433175,
        "optl-adapter-1": 79.17149175828716,
        "t5l-lora-3": 79.82181551133571,
        "rb-plain-2": 72.90003213635629,
        "bertbc-lora-1": 16.734852268949158,
        "bertbc-adapter-2": 45.22616798647571,
        "optb-plain-1": 78.29269597868077,
        "t5l-lora-2": 79.67941239551253,
        "rb-plain-3": 72.74282592183026,
        "t5b-plain-1": 75.15130271042996,
        "bertlc-adapter-1": 63.40702622770193,
        "optb-lora-2": 61.20130552118408,
        "bertlc-lora-3": 48.0299127364217,
        "t5l-adapter-3": 82.79688941719648,
        "rl-plain-2": 84.24603119592051,
        "t5b-adapter-2": 73.66296301369749,
        "rl-lora-2": 70.24946682000122,
        "bertbc-plain-3": 62.110735152426,
        "bertlc-plain-1": 72.09328045438649,
        "optl-lora-1": 77.8476138034723,
        "rb-adapter-2": 63.72293234334101,
        "rl-adapter-1": 82.37355931353835,
        "optb-plain-3": 78.54861766519262,
        "optl-adapter-2": 78.95518900203244,
        "rb-plain-1": 73.33838609649047,
        "t5b-plain-3": 74.85444194615806,
        "bertbc-lora-2": 20.257850038841845,
        "optl-plain-2": 81.38278182474606,
        "bertlc-adapter-3": 64.50675909131576,
        "t5l-adapter-1": 81.63448262156211,
        "bertlc-lora-1": 48.50265805707053,
        "optb-adapter-2": 63.97390035213654,
        "rb-lora-2": 49.22242827161469,
        "t5l-plain-2": 83.91425628213467,
        "bertbc-plain-1": 62.29575362245302,
        "t5b-lora-2": 68.64418704894996,
        "bertlc-plain-3": 72.96420185877558,
        "rl-adapter-3": 82.63447021324461,
        "optl-lora-3": 79.79710502435148,
        "optb-lora-1": 61.94725476088128,
        "bertlc-adapter-2": 64.89062650604527,
        "optl-plain-3": 81.66273995523343,
        "optb-adapter-3": 63.89723291265017,
        "rl-plain-1": 84.43809621661215,
        "t5b-adapter-1": 73.9867282035132,
        "rl-lora-1": 73.6281527351495,
        "t5l-plain-3": 84.03539188674043,
        "rb-lora-3": 51.60633974263752,
        "t5b-lora-3": 69.77469185375625,
        "bertlc-plain-2": 72.35207208062266,
        "rb-adapter-1": 62.880074224279056,
        "rl-adapter-2": 82.37771027950332,
        "optl-lora-2": 79.28837457340411,
        "optb-plain-2": 78.89990433616035,
        "bertbc-adapter-1": 45.08072989082807,
        "optl-adapter-3": 78.92751545172855,
        "t5l-lora-1": 79.37161053070596,
        "t5b-plain-2": 74.25784613093961,
        "bertbc-lora-3": 16.653230079775835
    },
    "adversarial_hotpotqa": {
        "bertbc-plain-3": 35.26796769020186,
        "t5b-lora-1": 32.898688919733395,
        "t5b-adapter-2": 37.82242029977584,
        "optb-lora-3": 25.800270048663947,
        "bertbc-lora-1": 11.045045532284677,
        "bertlc-lora-3": 18.817125138730063,
        "t5l-adapter-3": 46.472070589569924,
        "bertlc-plain-1": 38.863439354925504,
        "t5b-plain-2": 38.7393840370369,
        "rl-lora-1": 36.33591570999131,
        "bertbc-adapter-1": 22.32054539489435,
        "rb-adapter-3": 25.52129815242249,
        "rb-plain-1": 38.43551221380165,
        "optb-plain-1": 37.843648450434536,
        "t5l-plain-3": 47.271142412587345,
        "t5l-lora-3": 42.964619928489086,
        "rl-adapter-1": 45.881383323313145,
        "optl-adapter-1": 34.4637606108264,
        "t5l-plain-2": 48.7802196570003,
        "bertlc-adapter-1": 25.255350213615714,
        "rl-plain-1": 52.11325114935578,
        "t5l-lora-2": 42.87003105661481,
        "bertbc-plain-2": 34.21744457476136,
        "t5b-adapter-3": 37.24839546338316,
        "rb-lora-1": 19.566424720503054,
        "optb-lora-2": 24.545031374798366,
        "bertlc-lora-2": 15.10206777869211,
        "t5l-adapter-2": 46.45594193881055,
        "optl-plain-1": 42.067523796652026,
        "t5b-plain-3": 37.85186960263669,
        "optl-lora-1": 33.22606575797161,
        "rb-adapter-2": 27.218097812974655,
        "optb-adapter-1": 30.61535917429797,
        "rl-adapter-3": 46.886666614647766,
        "optb-plain-2": 38.18060921364667,
        "optl-adapter-3": 34.767936542250894,
        "rl-plain-3": 50.343466643934185,
        "bertlc-adapter-3": 24.62133645188396,
        "t5b-lora-2": 33.78732644370223,
        "rb-lora-3": 25.875321921992835,
        "t5b-adapter-1": 38.36917381678092,
        "bertbc-lora-2": 8.677776711033443,
        "optl-plain-3": 41.242320781647116,
        "bertlc-plain-2": 39.88020518273082,
        "t5b-plain-1": 39.22905105545766,
        "rl-lora-2": 34.30427637386406,
        "bertbc-adapter-2": 22.663046721985335,
        "optl-lora-3": 32.654074057511544,
        "rb-plain-2": 39.32507776302674,
        "optb-adapter-3": 31.37286285895197,
        "t5b-lora-3": 33.9938482019534,
        "bertbc-plain-1": 34.75211777219717,
        "rb-lora-2": 21.057943353287815,
        "bertbc-lora-3": 9.360125496617371,
        "optb-lora-1": 27.378213997298655,
        "bertlc-plain-3": 39.605673218634756,
        "t5l-adapter-1": 46.482525430618196,
        "optl-plain-2": 42.75970626876115,
        "bertlc-lora-1": 16.964765319551475,
        "rl-lora-3": 33.78095581431899,
        "rb-adapter-1": 26.25394170726144,
        "bertbc-adapter-3": 23.57031733303917,
        "optl-lora-2": 34.59742200845808,
        "rb-plain-3": 39.27700514534973,
        "optb-adapter-2": 31.084125868506366,
        "rl-adapter-2": 46.96382383608467,
        "optb-plain-3": 36.9873729526432,
        "optl-adapter-2": 34.796418563858225,
        "t5l-plain-1": 47.77299421507004,
        "rl-plain-2": 51.628894125340416,
        "bertlc-adapter-2": 25.266341290522323,
        "t5l-lora-1": 42.50378470759554
    },
    "musique": {
        "rb-plain-3": 62.48034013599175,
        "optl-adapter-3": 48.09069607617546,
        "t5l-plain-3": 72.50155217102586,
        "bertbc-lora-1": 12.183849292610665,
        "optl-plain-2": 69.29447519714547,
        "bertbc-adapter-1": 41.73893098825579,
        "rl-plain-2": 75.35637358534997,
        "t5b-adapter-1": 61.68993768758475,
        "bertlc-adapter-3": 49.932967634598384,
        "t5b-plain-2": 65.21240500278688,
        "optb-lora-3": 41.048470470877575,
        "optb-adapter-3": 40.052386131723395,
        "t5l-lora-2": 68.47294327504858,
        "rb-lora-3": 48.92846161084357,
        "optb-plain-3": 60.07645693187445,
        "rb-adapter-3": 51.235949387248176,
        "bertlc-plain-2": 62.372205724580816,
        "rl-lora-2": 56.739089698929135,
        "rl-plain-3": 74.64970275682353,
        "rl-adapter-1": 65.17052975511764,
        "bertlc-adapter-2": 49.384343615724,
        "optb-lora-2": 40.526306746668226,
        "t5b-plain-3": 62.69353457000519,
        "bertlc-lora-1": 36.48028549560269,
        "optb-adapter-2": 40.5182255488581,
        "t5l-adapter-1": 69.25524103920392,
        "t5l-lora-3": 67.97527366453068,
        "rb-lora-2": 46.40260006170947,
        "bertbc-plain-1": 50.97772511508174,
        "optb-plain-2": 58.552839219818736,
        "rb-adapter-2": 52.35240260040957,
        "bertlc-plain-3": 62.29469405820746,
        "optl-lora-1": 45.60906753409561,
        "rl-lora-3": 57.935081711803896,
        "rb-plain-2": 61.7449755632225,
        "t5l-plain-2": 73.27403088369029,
        "optl-adapter-2": 47.31255015588417,
        "t5b-lora-1": 57.82466008096556,
        "optl-plain-3": 69.06210481232732,